Model,Mean Accuracy,Std Deviation
Logistic Regression,0.85,0.18371173070873836
Decision Tree,0.75,0.07905694150420949
Gradient Boosting,0.75,0.11180339887498948
Random Forest,0.725,0.1457737973711325
