Model,Mean Accuracy,Accuracy Std,Mean Precision,Mean Recall,Mean F1 Score,F1 Std
Random Forest,0.9846153846153847,0.03076923076923075,0.9777777777777779,1.0,0.9882352941176471,0.023529411764705885
Gradient Boosting,0.9692307692307691,0.061538461538461535,1.0,0.95,0.9714285714285713,0.05714285714285716
Decision Tree,0.9274725274725275,0.06392544866922634,0.8977777777777778,1.0,0.9437908496732026,0.04970759043616092
Logistic Regression,0.7197802197802199,0.03440104580768907,0.7555555555555555,0.775,0.7647058823529411,0.029411764705882335
