Model,Mean Accuracy,Std Deviation
Logistic Regression,1.0,0.0
Random Forest,1.0,0.0
Gradient Boosting,0.9692307692307693,0.06153846153846154
Decision Tree,0.9252747252747253,0.04872483357669311
