Model,Accuracy,Precision,Recall,F1 Score
Gradient Boosting,1.0,1.0,1.0,1.0
Random Forest,0.8571428571428571,0.8,1.0,0.8888888888888888
Decision Tree,0.7142857142857143,0.7,0.875,0.7777777777777778
Logistic Regression,0.5714285714285714,0.5833333333333334,0.875,0.7
